modelo_geracao,caso,estrategia,strategy_description,score_estrutura,score_keywords,score_prioridade,score_semantico,score_total,missing_fields,saida
Qwen/Qwen2.5-0.5B-Instruct,suporte_estorno,base,Instrução curta e pouco controlada.,0.0,0.6666666666666666,0.0,0.8428961038589478,0.37739069263140357,"resumo,prioridade,proxima_acao",O cliente reclamou de falta de entrega e pediu estorno imediato.
Qwen/Qwen2.5-0.5B-Instruct,suporte_estorno,estruturado,"Contrato de saída rígido, sem few-shot.",0.6666666666666666,1.0,1.0,0.7912463545799255,0.864478255311648,proxima_acao,"Resumo: Uma reclamação de atraso na entrega com urgência.

Prioridade: Alta

Proxima acção: Estorno imediato e solicita que o pedido seja entregue imediatamente."
Qwen/Qwen2.5-0.5B-Instruct,suporte_estorno,few_shot,Contrato de saída com exemplo orientador.,0.6666666666666666,1.0,1.0,0.8362911939620972,0.8757394651571909,proxima_acao,"Resumo: A cliente reclamou de atraso na entrega.
Prioridade: Alta
Proxima acção: Abrir ticket técnico e responder em até 1h
Mensagem: O pedido ainda não foi entregue, solicitando estorno imediato e expressamente informado que a entrega ainda está fora do prazo."
Qwen/Qwen2.5-0.5B-Instruct,suporte_estorno,checklist,Contrato com checklist operacional explícito.,1.0,0.3333333333333333,1.0,0.26421821117401123,0.6493878861268361,,"Resumo: Identificando o problema central, identificando prioridade e sugerindo a proxima ação mais segura.

Prioridade: Alta

Proxima Ação: Estorno imediato e resolver o pedido imediatamente."
google/flan-t5-small,suporte_estorno,base,Instrução curta e pouco controlada.,0.0,1.0,0.0,0.8795350790023804,0.4698837697505951,"resumo,prioridade,proxima_acao","Cliente reclamou de atraso na entrega, quer estorno imediato e diz que o pedido ainda nao chegou."
google/flan-t5-small,suporte_estorno,estruturado,"Contrato de saída rígido, sem few-shot.",0.0,1.0,0.0,0.8795350790023804,0.4698837697505951,"resumo,prioridade,proxima_acao","Cliente reclamou de atraso na entrega, quer estorno imediato e diz que o pedido ainda nao chegou."
google/flan-t5-small,suporte_estorno,few_shot,Contrato de saída com exemplo orientador.,0.0,1.0,0.0,0.8788732290267944,0.4697183072566986,"resumo,prioridade,proxima_acao","Client reclamou de atraso na entrega, quer estorno imediato e diz que o pedido ainda nao chegou."
google/flan-t5-small,suporte_estorno,checklist,Contrato com checklist operacional explícito.,0.0,1.0,0.0,0.8785597085952759,0.46963992714881897,"resumo,prioridade,proxima_acao","Mensagem: Client reclamou de atraso na entrega, quer estorno imediato e diz que o pedido ainda nao chegou."
